<?xml version="1.0" encoding="UTF-8"?>
<!DOCTYPE generatorConfiguration
        PUBLIC "-//mybatis.org//DTD MyBatis Generator Configuration 1.0//EN"
        "http://mybatis.org/dtd/mybatis-generator-config_1_0.dtd">
<generatorConfiguration>

    <!-- 数据库驱动:选择你的本地硬盘上面的数据库驱动包-->
    <classPathEntry
            location="C:\Users\Administrator\.m2\repository\mysql\mysql-connector-java\8.0.15\mysql-connector-java-8.0.15.jar"/>
    <context id="MysqlTables" targetRuntime="MyBatis3">

        <!-- 注意这里面的顺序确定的，不能随变更改 -->
        <!-- 自定义的分页插件 <plugin type="com.deppon.foss.module.helloworld.shared.PaginationPlugin"/> -->

        <!-- 可选的（0 or 1） -->
        <!-- 注释生成器 -->
        <commentGenerator>
            <!-- 是否去除自动生成的注释 true：是 ： false:否 -->
            <property name="suppressAllComments" value="true" />
        </commentGenerator>

        <!-- 必须的（1 required） -->
        <!--数据库连接的信息：驱动类、连接地址、用户名、密码 -->
        <jdbcConnection driverClass="com.mysql.cj.jdbc.Driver"
                        connectionURL="jdbc:mysql://localhost:3306/papermanager?useUnicode=true&amp;characterEncoding=UTF-8&amp;serverTimezone=UTC"
                        userId="root" password="2020">
        </jdbcConnection>

        <!-- 可选的（0 or 1） -->
        <!-- 类型转换器或者加类型解析器 -->
        <!-- 默认false，把JDBC DECIMAL 和 NUMERIC 类型解析为 Integer true，把JDBC DECIMAL 和
            NUMERIC 类型解析为java.math.BigDecimal -->
        <javaTypeResolver>
            <property name="forceBigDecimals" value="false" />
        </javaTypeResolver>


        <!-- 必须的（1 required） -->
        <!-- java模型生成器 -->
        <!-- targetProject:自动生成代码的位置 -->
        <javaModelGenerator targetPackage="cn.zcbigdata.mybits_demo.entity"
                            targetProject="E:\springBoot\mybaits_demo\src\main\java">

            <!-- TODO enableSubPackages:是否让schema作为包的后缀 -->
            <property name="enableSubPackages" value="true" />
            <!-- 从数据库返回的值被清理前后的空格 -->
            <property name="trimStrings" value="true" />
        </javaModelGenerator>

        <!-- 必须的（1 required） -->
        <!-- map xml 生成器 -->
        <sqlMapGenerator targetPackage="mapping"
                         targetProject="E:\springBoot\mybaits_demo\src\main\resources\">
            <property name="enableSubPackages" value="true" />
        </sqlMapGenerator>

        <!-- 可选的（0 or 1） -->
        <!-- mapper 或者就是dao接口生成器 -->
        <javaClientGenerator targetPackage="cn.zcbigdata.mybits_demo.mapper"
                             targetProject="E:\springBoot\mybaits_demo\src\main\java"
                             type="XMLMAPPER">
            <property name="enableSubPackages" value="true" />
        </javaClientGenerator>

        <!-- 必须的（1...N） -->
        <!-- pojo 实体生成器 -->
        <!-- tableName:用于自动生成代码的数据库表；domainObjectName:对应于数据库表的javaBean类名 -->
        <!-- schema即为数据库名 可不写 -->
<!--        <table  tableName="student" domainObjectName="Student"-->
<!--                enableInsert="flase" enableCountByExample="false" enableUpdateByExample="false" enableDeleteByExample="false"-->
<!--                enableSelectByExample="false" selectByExampleQueryId="false">-->
<!--            &lt;!&ndash; 忽略字段 可选的（0 or 1） &ndash;&gt;-->
<!--            &lt;!&ndash; <ignoreColumn column="is_use" /> &ndash;&gt;-->
<!--            &lt;!&ndash;//无论字段是什么类型，生成的类属性都是varchar。 可选的（0 or 1） 测试无效 &ndash;&gt;-->
<!--            &lt;!&ndash; <columnOverride column="city_code" jdbcType="VARCHAR" /> &ndash;&gt;-->
<!--        </table>-->
        <table  tableName="filepath" domainObjectName="Filepath"
                enableInsert="true" enableCountByExample="flase" enableUpdateByExample="flase" enableDeleteByExample="flase"
                enableSelectByExample="flase" selectByExampleQueryId="flase">
            <property name="useActualColumnNames" value="true"/>

            <!-- 忽略字段 可选的（0 or 1） -->
            <!-- <ignoreColumn column="is_use" /> -->
            <!--//无论字段是什么类型，生成的类属性都是varchar。 可选的（0 or 1） 测试无效 -->
            <!-- <columnOverride column="city_code" jdbcType="VARCHAR" /> -->
        </table>

    </context>
</generatorConfiguration>
