<?xml version="1.0" encoding="UTF-8"?>
<!DOCTYPE mapper PUBLIC "-//mybatis.org//DTD Mapper 3.0//EN" "http://mybatis.org/dtd/mybatis-3-mapper.dtd">
<mapper namespace="cn.zcbigdata.mybitsdemo.mapper.Student1Mapper">

    <resultMap id="BaseResultMap" type="cn.zcbigdata.mybitsdemo.entity.Student1">
        <result column="id" jdbcType="INTEGER" property="id" />
        <result column="student_id" jdbcType="INTEGER" property="studentId" />
        <result column="student_name" jdbcType="VARCHAR" property="studentName" />
        <result column="student_grade" jdbcType="VARCHAR" property="studentGrade" />
        <result column="teacher_id" jdbcType="INTEGER" property="teacherId" />
        <result column="student_password" jdbcType="VARCHAR" property="studentPassword" />
    </resultMap>

    <!--登录模块-->
    <select id="slogin" resultType="cn.zcbigdata.mybitsdemo.entity.Student1" parameterType="cn.zcbigdata.mybitsdemo.entity.Student1">
        select * from student where student_id = #{studentId,jdbcType=INTEGER} and student_password = #{studentPassword,jdbcType=VARCHAR}
    </select>

    <!--作业模块-->
    <select id="sHomeWorkSelectAll" resultType="cn.zcbigdata.mybitsdemo.entity.HomeWork" parameterType="java.lang.Integer">
        select homework.* from homework inner join student
        on student.teacher_id=homework.teacher_id where student.student_id = #{studentId,jdbcType=INTEGER}

    </select>
    <insert id="sHomeWorkInsertSingle" parameterType="cn.zcbigdata.mybitsdemo.entity.HomeWorkSon">
            insert into homework_son(homework_name,homework_count,homework_leave_time,teacher_id,student_id,flag_reply,flag_finish)
            values(#{homeworkName,jdbcType=VARCHAR},#{homeworkCount,jdbcType=INTEGER},
            #{homeworkLeaveTime,jdbcType=VARCHAR},#{teacherId,jdbcType=INTEGER},
            #{studentId,jdbcType=INTEGER},
            #{flagReply,jdbcType=INTEGER},#{flagFinish,jdbcType=INTEGER})
     </insert>
    <select id="sHomeWorkSelectSingle" resultType="cn.zcbigdata.mybitsdemo.entity.HomeWorkSon" parameterType="cn.zcbigdata.mybitsdemo.entity.HomeWorkSon">
        select * from homework_son where student_id = #{studentId,jdbcType=INTEGER} and homework_name = #{homeworkName,jdbcType=VARCHAR}
     </select>
    <update id="sHomeWorkUpdateSingle" parameterType="cn.zcbigdata.mybitsdemo.entity.HomeWorkSon">
        update homework_son set homework_content = #{homeworkContent,jdbcType=VARCHAR},
        flag_finish = #{flagFinish,jdbcType=INTEGER},
        homework_write_time = #{homeworkWriteTime,jdbcType=VARCHAR}
        where id = #{id,jdbcType=INTEGER}
    </update>

    <!--请假模块-->
    <!--学生向教师请假-->
    <insert id="sTakeLeaveInsert" parameterType="cn.zcbigdata.mybitsdemo.entity.TakeLeaveStudent">
        insert into student_leave(student_id,student_name,student_leave_reason,student_leave_time,flag,teacher_id)
        values(#{studentId,jdbcType=INTEGER},#{studentName,jdbcType=VARCHAR},
        #{studentLeaveReason,jdbcType=VARCHAR},#{studentLeaveTime,jdbcType=VARCHAR},
        #{flag,jdbcType=INTEGER},#{teacherId,jdbcType=INTEGER})
    </insert>

    <!--学生查看自己的请假状态-->
    <select id="sTakeLeaveSelect" resultType="cn.zcbigdata.mybitsdemo.entity.TakeLeaveStudent" parameterType="java.lang.Integer">
        select * from student_leave where student_id = #{studentId,jdbcType=INTEGER}
    </select>


    <!--文件下载-->
    <select id="showFiles" resultType="cn.zcbigdata.mybitsdemo.entity.FilePath" parameterType="java.lang.Integer">
        select filepath.* from filepath inner join student on filepath.upload_id = student.teacher_id
        where student.student_id = #{studentId,jdbcType=INTEGER}
   </select>
</mapper>