<?xml version="1.0" encoding="UTF-8"?>
<!DOCTYPE mapper PUBLIC "-//mybatis.org//DTD Mapper 3.0//EN" "http://mybatis.org/dtd/mybatis-3-mapper.dtd">
<mapper namespace="cn.zcbigdata.mybitsdemo.mapper.TeacherMapper">

    <resultMap id="BaseResultMap" type="cn.zcbigdata.mybitsdemo.entity.Teacher">
        <result column="id" jdbcType="INTEGER" property="id" />
        <result column="teacher_id" jdbcType="INTEGER" property="teacherId" />
        <result column="teacher_name" jdbcType="VARCHAR" property="teacherName" />
        <result column="teacher_grade" jdbcType="VARCHAR" property="teacherGrade" />
        <result column="manager_id" jdbcType="INTEGER" property="managerId" />
        <result column="teacher_password" jdbcType="VARCHAR" property="teacherPassword" />
    </resultMap>

    <!--登录模块-->
    <select id="tlogin" resultType="cn.zcbigdata.mybitsdemo.entity.Teacher" parameterType="cn.zcbigdata.mybitsdemo.entity.Teacher">
        select * from teacher where teacher_id = #{teacherId,jdbcType=INTEGER} and teacher_password = #{teacherPassword,jdbcType=VARCHAR}
    </select>

    <!--作业模块-->
    <select id="tHomeWorkSelectAll" resultType="cn.zcbigdata.mybitsdemo.entity.HomeWork" parameterType="java.lang.Integer">
        select * from homework where teacher_id =  #{id,jdbcType=VARCHAR}
    </select>
    <select id="tHomeWorkSelectSon" resultType="cn.zcbigdata.mybitsdemo.entity.HomeWorkSon" parameterType="java.lang.String">
        select * from homework_son where homework_name =  #{homeworkName,jdbcType=VARCHAR}
    </select>
    <select id="tHomeWorkSelectMySon" resultType="cn.zcbigdata.mybitsdemo.entity.HomeWorkSon" parameterType="java.lang.Integer">
        select * from homework_son where id = #{id,jdbcType=INTEGER}
    </select>
    <update id="tHomeWorkUpdate" parameterType="cn.zcbigdata.mybitsdemo.entity.HomeWorkSon">
        update homework_son set
        teacher_reply = #{teacherReply,jdbcType=VARCHAR},flag_reply = #{flagReply,jdbcType=INTEGER}
        where id = #{id,jdbcType=VARCHAR}
    </update>
    <insert id="tHomeWorkInsert" parameterType="cn.zcbigdata.mybitsdemo.entity.HomeWork">
        insert into homework(homework_name,teacher_id,homework_leave_time,homework_count)
        values(#{homeworkName,jdbcType=VARCHAR},#{teacherId,jdbcType=INTEGER},
        #{homeworkLeaveTime,jdbcType=VARCHAR},#{homeworkCount,jdbcType=INTEGER})
    </insert>

    <!--请假模块-->
    <!--教师查看自己学生的假-->
    <select id="tStudentTakeLeave" resultType="cn.zcbigdata.mybitsdemo.entity.TakeLeaveStudent" parameterType="java.lang.Integer">
        select * from student_leave where teacher_id =  #{teacherId,jdbcType=INTEGER}
    </select>
    <!--教师批准自己学生的假-->
    <update id="tTeacherUpdateTakeLeave" parameterType="cn.zcbigdata.mybitsdemo.entity.TakeLeaveStudent">
        update student_leave set flag = #{flag,jdbcType=INTEGER} where id = #{id,jdbcType=INTEGER}
    </update>
    <!--教师向管理员请假-->
    <insert id="tTakeLeaveInsert" parameterType="cn.zcbigdata.mybitsdemo.entity.TakeLeaveTeacher">
        insert into teacher_leave(teacher_id,teacher_name,teacher_leave_reason,teacher_leave_time,flag)
        values(#{teacherId,jdbcType=INTEGER},#{teacherName,jdbcType=VARCHAR},
        #{teacherLeaveReason,jdbcType=VARCHAR},#{teacherLeaveTime,jdbcType=VARCHAR}
        ,#{flag,jdbcType=INTEGER})
    </insert>
    <!--教师查看自己的请假状态-->
    <select id="tTakeLeaveSelect" resultType="cn.zcbigdata.mybitsdemo.entity.TakeLeaveTeacher" parameterType="java.lang.Integer">
        select * from teacher_leave where teacher_id = #{teacherId,jdbcType=INTEGER}
    </select>

    <!--文件模块-->
    <insert id="insert" parameterType="cn.zcbigdata.mybitsdemo.entity.FilePath" >
    insert into filepath(file_path,upload_name,upload_time,upload_id)
    values(#{filePath,jdbcType=VARCHAR},#{uploadName,jdbcType=VARCHAR},
    #{uploadTime,jdbcType=VARCHAR},#{uploadId,jdbcType=INTEGER})
  </insert>

    <select id="showFiles" resultType="cn.zcbigdata.mybitsdemo.entity.FilePath" parameterType="java.lang.Integer">
        select * from filepath where upload_id = #{uploadId,jdbcType=INTEGER}
   </select>
</mapper>