<?xml version="1.0" encoding="UTF-8" ?>
<!DOCTYPE mapper PUBLIC "-//mybatis.org//DTD Mapper 3.0//EN" "http://mybatis.org/dtd/mybatis-3-mapper.dtd" >
<mapper namespace="cn.zcbigdata.mybits_demo.mapper.FilepathMapper" >
  <resultMap id="BaseResultMap" type="cn.zcbigdata.mybits_demo.entity.Filepath" >
    <result column="id" property="id" jdbcType="INTEGER" />
    <result column="filepath" property="filepath" jdbcType="VARCHAR" />
    <result column="uploadname" property="uploadname" jdbcType="VARCHAR" />
    <result column="uploadtime" property="uploadtime" jdbcType="VARCHAR" />
  </resultMap>

  <insert id="insert" parameterType="cn.zcbigdata.mybits_demo.entity.Filepath" >
    insert into filepath(filepath,uploadname,uploadtime,uploadid)
    values(#{filepath,jdbcType=VARCHAR},#{uploadname,jdbcType=VARCHAR},
    #{uploadtime,jdbcType=VARCHAR},#{uploadid,jdbcType=INTEGER})
  </insert>

  <select id="showFiles" resultType="cn.zcbigdata.mybits_demo.entity.Filepath" parameterType="java.lang.Integer">
        select filepath.* from filepath inner join student on filepath.uploadid = student.teacher_id
        where student.stu_id = #{stu_id,jdbcType=INTEGER}
   </select>

</mapper>