<?xml version="1.0" encoding="UTF-8"?>
<!DOCTYPE mapper PUBLIC "-//mybatis.org//DTD Mapper 3.0//EN" "http://mybatis.org/dtd/mybatis-3-mapper.dtd">
<mapper namespace="cn.zcbigdata.mybits_demo.mapper.ManagerMapper">

    <resultMap id="BaseResultMap" type="cn.zcbigdata.mybits_demo.entity.Manager" >
        <id      column="id"        property="id"        jdbcType="INTEGER" />
        <result  column="manager_id"  property="manager_id"  jdbcType="INTEGER" />
        <result  column="manager_name"  property="manager_name"  jdbcType="VARCHAR" />
        <result  column="manager_password"  property="manager_password"  jdbcType="VARCHAR" />
    </resultMap>

    <!--登录模块-->
    <select id="mlogin" resultType="cn.zcbigdata.mybits_demo.entity.Manager" parameterType="cn.zcbigdata.mybits_demo.entity.Manager">
        select * from manager where manager_id = #{manager_id,jdbcType=INTEGER} and manager_password = #{manager_password,jdbcType=VARCHAR}
    </select>

    <!--管理员请假模块的管理-->
    <!--管理员查看教师的假-->
    <select id="mTeacherTakeLeave" resultType="cn.zcbigdata.mybits_demo.entity.TTeacherTakeLeave">
        select * from teacher_leave
    </select>
    <!--管理员批准教师的假-->
    <update id="mManagerUpdateTakeLeave" parameterType="cn.zcbigdata.mybits_demo.entity.TTeacherTakeLeave">
        update teacher_leave set flag = #{flag,jdbcType=INTEGER} where id = #{id,jdbcType=INTEGER}
    </update>

</mapper>