<?xml version="1.0" encoding="UTF-8"?>
<!DOCTYPE mapper PUBLIC "-//mybatis.org//DTD Mapper 3.0//EN" "http://mybatis.org/dtd/mybatis-3-mapper.dtd">
<mapper namespace="cn.zcbigdata.mybits_demo.mapper.Student1Mapper">

    <!--登录模块-->
    <select id="slogin" resultType="cn.zcbigdata.mybits_demo.entity.Student1" parameterType="cn.zcbigdata.mybits_demo.entity.Student1">
        select * from student where stu_id = #{stu_id,jdbcType=INTEGER} and stu_password = #{stu_password,jdbcType=VARCHAR}
    </select>

    <!--作业模块-->
    <select id="sHomeWorkSelectAll" resultType="cn.zcbigdata.mybits_demo.entity.THomeWork" parameterType="java.lang.Integer">
        select homework.* from homework inner join student
        on student.teacher_id=homework.teacher_id where student.stu_id = #{stu_id,jdbcType=INTEGER}

    </select>
    <insert id="sHomeWorkInsertSingle" parameterType="cn.zcbigdata.mybits_demo.entity.THomeWorkSon">
            insert into homework_son(homework_name,homework_count,homework_leave_time,teacher_id,stu_id,flag_reply,flag_finish)
            values(#{homework_name,jdbcType=VARCHAR},#{homework_count,jdbcType=INTEGER},
            #{homework_leave_time,jdbcType=VARCHAR},#{teacher_id,jdbcType=INTEGER},
            #{stu_id,jdbcType=INTEGER},
            #{flag_reply,jdbcType=INTEGER},#{flag_finish,jdbcType=INTEGER})
     </insert>
    <select id="sHomeWorkSelectSingle" resultType="cn.zcbigdata.mybits_demo.entity.THomeWorkSon" parameterType="cn.zcbigdata.mybits_demo.entity.THomeWorkSon">
        select * from homework_son where stu_id = #{stu_id,jdbcType=INTEGER} and homework_name = #{homework_name,jdbcType=VARCHAR}
     </select>
    <update id="sHomeWorkUpdateSingle" parameterType="cn.zcbigdata.mybits_demo.entity.THomeWorkSon">
        update homework_son set homework_content = #{homework_content,jdbcType=VARCHAR},
        flag_finish = #{flag_finish,jdbcType=INTEGER},
        homework_write_time = #{homework_write_time,jdbcType=VARCHAR}
        where id = #{id,jdbcType=INTEGER}
    </update>

    <!--请假模块-->
    <!--学生向教师请假-->
    <insert id="sTakeLeaveInsert" parameterType="cn.zcbigdata.mybits_demo.entity.TStudentTakeLeave">
        insert into student_leave(stu_id,stu_name,stu_leave_reason,stu_leave_time,flag,teacher_id)
        values(#{stu_id,jdbcType=INTEGER},#{stu_name,jdbcType=VARCHAR},
        #{stu_leave_reason,jdbcType=VARCHAR},#{stu_leave_time,jdbcType=VARCHAR},
        #{flag,jdbcType=INTEGER},#{teacher_id,jdbcType=INTEGER})
    </insert>

    <!--学生查看自己的请假状态-->
    <select id="sTakeLeaveSelect" resultType="cn.zcbigdata.mybits_demo.entity.TStudentTakeLeave" parameterType="java.lang.Integer">
        select * from student_leave where stu_id = #{stu_id,jdbcType=INTEGER}
    </select>


    <!--文件下载-->
    <select id="showFiles" resultType="cn.zcbigdata.mybits_demo.entity.Filepath" parameterType="java.lang.Integer">
        select filepath.* from filepath inner join student on filepath.uploadid = student.teacher_id
        where student.stu_id = #{stu_id,jdbcType=INTEGER}
   </select>
</mapper>