<?xml version="1.0" encoding="UTF-8"?>
<!DOCTYPE mapper PUBLIC "-//mybatis.org//DTD Mapper 3.0//EN" "http://mybatis.org/dtd/mybatis-3-mapper.dtd">
<mapper namespace="cn.zcbigdata.mybits_demo.mapper.TeacherMapper">

    <!--登录模块-->
    <select id="tlogin" resultType="cn.zcbigdata.mybits_demo.entity.Teacher" parameterType="cn.zcbigdata.mybits_demo.entity.Teacher">
        select * from teacher where teacher_id = #{teacher_id,jdbcType=INTEGER} and teacher_password = #{teacher_password,jdbcType=VARCHAR}
    </select>

    <!--教师作业模块的管理-->
    <select id="tHomeWorkSelectAll" resultType="cn.zcbigdata.mybits_demo.entity.THomeWork" parameterType="java.lang.Integer">
        select * from homework where teacher_id =  #{id,jdbcType=VARCHAR}
    </select>
    <select id="tHomeWorkSelectSon" resultType="cn.zcbigdata.mybits_demo.entity.THomeWorkSon" parameterType="java.lang.String">
        select * from homework_son where homework_name =  #{homework_name,jdbcType=VARCHAR}
    </select>
    <select id="tHomeWorkSelectMySon" resultType="cn.zcbigdata.mybits_demo.entity.THomeWorkSon" parameterType="java.lang.Integer">
        select * from homework_son where id = #{id,jdbcType=INTEGER}
    </select>
    <update id="tHomeWorkUpdate" parameterType="cn.zcbigdata.mybits_demo.entity.THomeWorkSon">
        update homework_son set
        teacher_reply = #{teacher_reply,jdbcType=VARCHAR},flag_reply = #{flag_reply,jdbcType=INTEGER}
        where id = #{id,jdbcType=VARCHAR}
    </update>
    <insert id="tHomeWorkInsert" parameterType="cn.zcbigdata.mybits_demo.entity.THomeWork">
        insert into homework(homework_name,teacher_id,homework_leave_time,homework_count)
        values(#{homework_name,jdbcType=VARCHAR},#{teacher_id,jdbcType=INTEGER},
        #{homework_leave_time,jdbcType=VARCHAR},#{homework_count,jdbcType=INTEGER})
    </insert>
    <!--教师请假模块的管理-->
    <!--教师查看自己学生的假-->
    <select id="tStudentTakeLeave" resultType="cn.zcbigdata.mybits_demo.entity.TStudentTakeLeave" parameterType="java.lang.Integer">
        select * from student_leave where teacher_id =  #{teacher_id,jdbcType=INTEGER}
    </select>
    <!--教师批准自己学生的假-->
    <update id="tTeacherUpdateTakeLeave" parameterType="cn.zcbigdata.mybits_demo.entity.TStudentTakeLeave">
        update student_leave set flag = #{flag,jdbcType=INTEGER} where id = #{id,jdbcType=INTEGER}
    </update>
    <!--教师向管理员请假-->
    <insert id="tTakeLeaveInsert" parameterType="cn.zcbigdata.mybits_demo.entity.TTeacherTakeLeave">
        insert into teacher_leave(teacher_id,teacher_name,teacher_leave_reason,teacher_leave_time,flag)
        values(#{teacher_id,jdbcType=INTEGER},#{teacher_name,jdbcType=VARCHAR},
        #{teacher_leave_reason,jdbcType=VARCHAR},#{teacher_leave_time,jdbcType=VARCHAR}
        ,#{flag,jdbcType=INTEGER})
    </insert>
    <!--教师查看自己的请假状态-->
    <select id="tTakeLeaveSelect" resultType="cn.zcbigdata.mybits_demo.entity.TTeacherTakeLeave" parameterType="java.lang.Integer">
        select * from teacher_leave where teacher_id = #{teacher_id,jdbcType=INTEGER}
    </select>

    <!--文件模块-->
    <insert id="insert" parameterType="cn.zcbigdata.mybits_demo.entity.Filepath" >
    insert into filepath(filepath,uploadname,uploadtime,uploadid)
    values(#{filepath,jdbcType=VARCHAR},#{uploadname,jdbcType=VARCHAR},
    #{uploadtime,jdbcType=VARCHAR},#{uploadid,jdbcType=INTEGER})
  </insert>

    <select id="showFiles" resultType="cn.zcbigdata.mybits_demo.entity.Filepath" parameterType="java.lang.Integer">
        select * from filepath where uploadid = #{uploadid,jdbcType=INTEGER}
   </select>
</mapper>